{"version": "1", "message": "ERROR: Hidden Testcases server unreachable.", "problem_id": "ads2_m4_a1_1", "user_id": "ndvssankar", "score": {"sample": {"0": {"execution_time": 0.22017383575439453, "passed": true}, "1": {"execution_time": 0.1856701374053955, "passed": false}, "2": {"execution_time": 0.2097609043121338, "passed": false}, "3": {"execution_time": 0.23098492622375488, "passed": false}, "4": {"execution_time": 0.16840338706970215, "passed": false}, "5": {"execution_time": 0.16306304931640625, "passed": false}, "6": {"execution_time": 0.16931819915771484, "passed": false}, "7": {"execution_time": 0.17255091667175293, "passed": false}, "8": {"execution_time": 0.17062783241271973, "passed": true}, "9": {"execution_time": 0.1638178825378418, "passed": true}, "10": {"execution_time": 0.16540002822875977, "passed": true}, "11": {"execution_time": 0.1732320785522461, "passed": false}, "12": {"execution_time": 0.16655397415161133, "passed": false}, "13": {"execution_time": 0.7933969497680664, "passed": false}, "14": {"execution_time": 0.17120099067687988, "passed": true}}}, "check_style_score": "0/1"}