{"version": "1", "message": "ERROR: Hidden Testcases server unreachable.", "problem_id": "ads2_m4_a1_1", "user_id": "ndvssankar", "score": {"sample": {"0": {"execution_time": 0.2227327823638916, "passed": true}, "1": {"execution_time": 0.19377374649047852, "passed": false}, "2": {"execution_time": 0.21228981018066406, "passed": false}, "3": {"execution_time": 0.23335599899291992, "passed": false}, "4": {"execution_time": 0.1667191982269287, "passed": false}, "5": {"execution_time": 0.17310404777526855, "passed": false}, "6": {"execution_time": 0.17061614990234375, "passed": false}, "7": {"execution_time": 0.16817998886108398, "passed": false}, "8": {"execution_time": 0.1786179542541504, "passed": true}, "9": {"execution_time": 0.17043113708496094, "passed": false}, "10": {"execution_time": 0.18440699577331543, "passed": false}, "11": {"execution_time": 0.17364883422851562, "passed": false}, "12": {"execution_time": 0.1752166748046875, "passed": false}, "13": {"execution_time": 1.0952959060668945, "passed": false}, "14": {"execution_time": 0.17392587661743164, "passed": false}}}, "check_style_score": "0/1"}