{"version": "1", "message": "ERROR: Hidden Testcases server unreachable.", "problem_id": "ads2_m4_a1_1", "user_id": "ndvssankar", "score": {"sample": {"0": {"execution_time": 0.2241067886352539, "passed": true}, "1": {"execution_time": 0.21806812286376953, "passed": false}, "2": {"execution_time": 0.2525010108947754, "passed": false}, "3": {"execution_time": 0.2605161666870117, "passed": false}, "4": {"execution_time": 0.18145275115966797, "passed": false}, "5": {"execution_time": 0.17581796646118164, "passed": false}, "6": {"execution_time": 0.1682569980621338, "passed": false}, "7": {"execution_time": 0.16983985900878906, "passed": false}, "8": {"execution_time": 0.1874251365661621, "passed": true}, "9": {"execution_time": 0.18640995025634766, "passed": true}, "10": {"execution_time": 0.1727292537689209, "passed": true}, "11": {"execution_time": 0.26982903480529785, "passed": true}, "12": {"execution_time": 0.17644166946411133, "passed": true}, "13": {"execution_time": 1.0828661918640137, "passed": false}, "14": {"execution_time": 0.23749685287475586, "passed": true}}}, "check_style_score": "0/1"}