{"version": "1", "message": "ERROR: Hidden Testcases server unreachable.", "problem_id": "ads2_m4_a1_1", "user_id": "ndvssankar", "score": {"sample": {"0": {"execution_time": 0.19802498817443848, "passed": true}, "1": {"execution_time": 0.2028799057006836, "passed": false}, "2": {"execution_time": 0.21075010299682617, "passed": false}, "3": {"execution_time": 0.2510669231414795, "passed": false}, "4": {"execution_time": 0.17566514015197754, "passed": false}, "5": {"execution_time": 0.16825485229492188, "passed": false}, "6": {"execution_time": 0.1687150001525879, "passed": false}, "7": {"execution_time": 0.17070794105529785, "passed": false}, "8": {"execution_time": 0.21056485176086426, "passed": true}, "9": {"execution_time": 0.17529702186584473, "passed": true}, "10": {"execution_time": 0.17669391632080078, "passed": true}, "11": {"execution_time": 0.17529582977294922, "passed": true}, "12": {"execution_time": 0.18013215065002441, "passed": true}, "13": {"execution_time": 1.0297348499298096, "passed": false}, "14": {"execution_time": 0.17259907722473145, "passed": true}}}, "check_style_score": "0/1"}