{"version": "1", "message": "ERROR: Hidden Testcases server unreachable.", "problem_id": "ads2_m4_a1_1", "user_id": "ndvssankar", "score": {"sample": {"0": {"execution_time": 0.17542576789855957, "passed": true}, "1": {"execution_time": 0.180894136428833, "passed": false}, "2": {"execution_time": 0.2123398780822754, "passed": false}, "3": {"execution_time": 0.23303699493408203, "passed": false}, "4": {"execution_time": 0.16412687301635742, "passed": false}, "5": {"execution_time": 0.16745209693908691, "passed": false}, "6": {"execution_time": 0.16977596282958984, "passed": false}, "7": {"execution_time": 0.16876912117004395, "passed": false}, "8": {"execution_time": 0.16980791091918945, "passed": true}, "9": {"execution_time": 0.16572809219360352, "passed": true}, "10": {"execution_time": 0.16574501991271973, "passed": true}, "11": {"execution_time": 0.17990827560424805, "passed": true}, "12": {"execution_time": 0.17377901077270508, "passed": true}, "13": {"execution_time": 0.7656872272491455, "passed": false}, "14": {"execution_time": 0.2156212329864502, "passed": true}}}, "check_style_score": "0/1"}