{"version": "1", "message": "ERROR: Hidden Testcases server unreachable.", "problem_id": "ads2_m4_a1_1", "user_id": "ndvssankar", "score": {"sample": {"0": {"execution_time": 0.1843547821044922, "passed": true}, "1": {"execution_time": 0.19456911087036133, "passed": false}, "2": {"execution_time": 0.21437978744506836, "passed": false}, "3": {"execution_time": 0.2584421634674072, "passed": false}, "4": {"execution_time": 0.2657761573791504, "passed": false}, "5": {"execution_time": 0.17111706733703613, "passed": false}, "6": {"execution_time": 0.17351603507995605, "passed": false}, "7": {"execution_time": 0.16876006126403809, "passed": false}, "8": {"execution_time": 0.18586301803588867, "passed": true}, "9": {"execution_time": 0.26177501678466797, "passed": false}, "10": {"execution_time": 0.21457791328430176, "passed": false}, "11": {"execution_time": 0.1835339069366455, "passed": false}, "12": {"execution_time": 0.1690528392791748, "passed": false}, "13": {"execution_time": 1.1952950954437256, "passed": false}, "14": {"execution_time": 0.17458081245422363, "passed": false}}}, "check_style_score": "0/1"}