{"version": "1", "message": "ERROR: Hidden Testcases server unreachable.", "problem_id": "ads2_m2_a1_1", "user_id": "ndvssankar", "score": {"sample": {"0": {"execution_time": 0.1851041316986084, "passed": true}, "1": {"execution_time": 0.1625971794128418, "passed": true}, "2": {"execution_time": 0.16490507125854492, "passed": true}, "3": {"execution_time": 0.16466498374938965, "passed": true}, "4": {"execution_time": 0.16159892082214355, "passed": true}, "5": {"execution_time": 0.16011691093444824, "passed": true}, "6": {"execution_time": 0.16414308547973633, "passed": true}, "7": {"execution_time": 0.16144418716430664, "passed": true}, "8": {"execution_time": 0.16662120819091797, "passed": true}, "9": {"execution_time": 0.19701290130615234, "passed": true}, "10": {"execution_time": 0.18135714530944824, "passed": true}, "11": {"execution_time": 0.17709803581237793, "passed": true}, "12": {"execution_time": 0.16897106170654297, "passed": true}, "13": {"execution_time": 0.18242311477661133, "passed": true}, "14": {"execution_time": 0.17929506301879883, "passed": true}, "15": {"execution_time": 0.17770004272460938, "passed": true}, "16": {"execution_time": 0.17282390594482422, "passed": true}, "17": {"execution_time": 0.24144315719604492, "passed": true}, "18": {"execution_time": 0.23019123077392578, "passed": true}, "19": {"execution_time": 0.21158504486083984, "passed": true}, "20": {"execution_time": 0.2714829444885254, "passed": true}, "21": {"execution_time": 0.1646900177001953, "passed": true}, "22": {"execution_time": 0.25209593772888184, "passed": true}, "23": {"execution_time": 0.2688939571380615, "passed": true}}}, "check_style_score": "0/1"}