{"version": "1", "message": "ERROR: Hidden Testcases server unreachable.", "problem_id": "ads2_m16_a1_1", "user_id": "ndvssankar", "score": {"sample": {"0": {"execution_time": 0.23131370544433594, "passed": true}, "1": {"execution_time": 0.2243058681488037, "passed": true}, "2": {"execution_time": 1.009742021560669, "passed": true}, "3": {"execution_time": 1.0029687881469727, "passed": true}, "4": {"execution_time": 0.9797320365905762, "passed": true}, "5": {"execution_time": 0.9861738681793213, "passed": true}, "6": {"execution_time": 0.9774801731109619, "passed": true}, "7": {"execution_time": 0.9845268726348877, "passed": true}, "8": {"execution_time": 0.2646949291229248, "passed": true}, "9": {"execution_time": 0.9858748912811279, "passed": true}, "10": {"execution_time": 0.9829859733581543, "passed": true}, "11": {"execution_time": 3.9657247066497803, "passed": true}, "12": {"execution_time": 0.9853048324584961, "passed": true}, "13": {"execution_time": 0.20897507667541504, "passed": true}, "14": {"execution_time": 0.9864869117736816, "passed": true}, "15": {"execution_time": 1.0318629741668701, "passed": true}, "16": {"execution_time": 0.2796967029571533, "passed": true}, "17": {"execution_time": 0.31531786918640137, "passed": true}, "18": {"execution_time": 0.24505329132080078, "passed": true}, "19": {"execution_time": 0.25620198249816895, "passed": true}, "20": {"execution_time": 0.3599238395690918, "passed": true}, "21": {"execution_time": 0.29111576080322266, "passed": true}, "22": {"execution_time": 0.2602999210357666, "passed": true}, "23": {"execution_time": 0.2818431854248047, "passed": true}, "24": {"execution_time": 0.22759008407592773, "passed": true}, "25": {"execution_time": 1.046694278717041, "passed": true}, "26": {"execution_time": 0.506829023361206, "passed": true}, "27": {"execution_time": 1.0864300727844238, "passed": true}, "28": {"execution_time": 2.119981050491333, "passed": true}, "29": {"execution_time": 0.22516703605651855, "passed": false}}}, "check_style_score": "1/1"}